id,propertyNumber,owner,amount,status,date
L0001,P0001,Jahnavi,10065,Rejected,2023-11-02
L0002,P0002,muthumari,34471,Pending,2014-02-14
L0003,P0003,harshitha,48599,Rejected,2019-08-25
L0004,P0004,kullayi reddy,32459,Rejected,2020-03-31
L0005,P0005,ramana,22331,Rejected,2010-03-04
L0006,P0006,jyoshna,40552,Rejected,2014-07-06
L0007,P0007,subadra,43937,Approved,2016-02-08
L0008,P0008,Karthik,30605,Approved,2010-08-01
L0009,P0009,Gnana,22870,Pending,2015-09-05
L0010,P0010,sreedevi,35690,Approved,2013-09-28
L0011,P0011,pragathi,17667,Approved,2016-01-27
L0012,P0012,gayathri,30992,Approved,2021-08-30
L0013,P0013,charan,21583,Rejected,2019-11-14
L0014,P0014,vijay,47360,Rejected,2018-01-13
L0015,P0015,Loshika,15139,Rejected,2021-06-22
L0016,P0016,tanuja,33155,Approved,2012-04-26
L0017,P0017,Navya,27613,Approved,2011-04-27
L0018,P0018,Loshika,45801,Approved,2015-06-08
L0019,P0019,meghana,49071,Approved,2021-03-29
L0020,P0020,Keerthi,16105,Approved,2018-10-29
L0021,P0021,maha,12609,Approved,2016-09-23
L0022,P0022,Loshika,18747,Pending,2013-11-30
L0023,P0023,Charitha,40974,Pending,2013-04-24
L0024,P0024,hari,24835,Pending,2015-11-20
L0025,P0025,gayathri,45019,Approved,2023-08-12
L0026,P0026,yuva teja,40974,Rejected,2021-09-08
L0027,P0027,Keerthi,8425,Approved,2015-10-08
L0028,P0028,pawan,17585,Approved,2011-10-05
L0029,P0029,Navya,18444,Pending,2015-05-27
L0030,P0030,kullayi reddy,28922,Pending,2023-02-01
L0031,P0031,supriya,29618,Approved,2016-10-14
L0032,P0032,Bhanu,23864,Approved,2011-08-10
L0033,P0033,siri,20890,Rejected,2024-02-09
L0034,P0034,Keerthi,30249,Approved,2024-07-20
L0035,P0035,hema,5307,Approved,2018-07-27
L0036,P0036,maha,8371,Approved,2023-10-27
L0037,P0037,pawan,7027,Pending,2020-11-01
L0038,P0038,Keshav,15175,Pending,2011-10-29
L0039,P0039,savithri,11716,Pending,2021-03-31
L0040,P0040,charan,14839,Approved,2014-03-15
L0041,P0041,sai leela,34106,Approved,2010-05-06
L0042,P0042,meghana,38986,Approved,2018-07-28
L0043,P0043,hema,10340,Approved,2023-04-26
L0044,P0044,sai kiran,7575,Approved,2015-08-13
L0045,P0045,LEkha,8348,Approved,2010-05-01
L0046,P0046,Jyothi,9914,Rejected,2017-02-15
L0047,P0047,pragathi,16759,Pending,2010-12-19
L0048,P0048,Jyothi,31159,Rejected,2023-07-08
L0049,P0049,pragathi,13196,Pending,2022-02-04
L0050,P0050,pragathi,21488,Approved,2010-10-01
L0051,P0051,priya,24300,Rejected,2011-09-27
L0052,P0052,Harini,5108,Rejected,2017-05-29
L0053,P0053,hari,19732,Pending,2024-04-18
L0054,P0054,Jyothi,40120,Pending,2013-09-10
L0055,P0055,hari,40672,Rejected,2012-09-25
L0056,P0056,Keerthi,42839,Pending,2015-08-27
L0057,P0057,muthumari,18754,Rejected,2017-02-06
L0058,P0058,Vasanthi,7411,Rejected,2018-01-13
L0059,P0059,harshitha,8500,Rejected,2014-06-11
L0060,P0060,gayathri,47126,Approved,2019-01-24
L0061,P0061,kullayi reddy,6899,Approved,2012-07-14
L0062,P0062,vaishnavi,19590,Rejected,2014-06-04
L0063,P0063,Sreenivasulu,27369,Rejected,2012-03-15
L0064,P0064,Vasanthi,47372,Pending,2013-12-14
L0065,P0065,karishma,14333,Approved,2021-06-20
L0066,P0066,Karthik,44432,Pending,2012-01-06
L0067,P0067,meghana,19487,Rejected,2018-04-11
L0068,P0068,tanuja,35047,Approved,2021-11-15
L0069,P0069,muthumari,31500,Rejected,2020-06-09
L0070,P0070,sreedevi,11914,Rejected,2015-06-23
L0071,P0071,meghana,18442,Pending,2011-12-24
L0072,P0072,Jahnavi,27487,Approved,2020-01-14
L0073,P0073,Harini,19777,Rejected,2013-02-12
L0074,P0074,tanuja,17621,Pending,2019-04-13
L0075,P0075,Gnana,12254,Pending,2023-05-26
L0076,P0076,syamala,11166,Approved,2020-06-11
L0077,P0077,kullayi reddy,6623,Rejected,2020-05-27
L0078,P0078,charan,15915,Approved,2013-01-21
L0079,P0079,vasu,21748,Pending,2023-09-22
L0080,P0080,trharun,15886,Approved,2017-04-03
L0081,P0081,subadra,9633,Pending,2024-02-29
L0082,P0082,priya,23459,Pending,2021-10-26
L0083,P0083,Keerthi,5193,Rejected,2013-10-10
L0084,P0084,Jahnavi,46781,Rejected,2011-04-03
L0085,P0085,jyoshna,31245,Approved,2022-01-15
L0086,P0086,hema,43000,Rejected,2023-02-23
L0087,P0087,LEkha,41208,Approved,2023-08-05
L0088,P0088,sai leela,48284,Pending,2015-02-13
L0089,P0089,LEkha,48267,Pending,2014-08-09
L0090,P0090,karishma,6670,Approved,2015-08-25
L0091,P0091,tramya,11630,Rejected,2022-05-28
L0092,P0092,subadra,31872,Pending,2012-08-04
L0093,P0093,Navya,15958,Pending,2012-02-02
L0094,P0094,Jhansi,37973,Pending,2017-08-10
L0095,P0095,priya,8493,Approved,2015-09-29
L0096,P0096,shashi,22944,Approved,2019-08-16
L0097,P0097,Keshav,25371,Approved,2015-09-03
L0098,P0098,syamala,28292,Pending,2021-01-01
L0099,P0099,Loshika,38694,Pending,2016-01-20
L0100,P0100,gayathri,22597,Approved,2024-06-08
L0101,P0101,Loshika,23849,Pending,2020-06-04
L0102,P0102,LEkha,33926,Pending,2015-05-24
L0103,P0103,sreedevi,40460,Rejected,2021-10-31
L0104,P0104,sreedevi,12280,Approved,2016-09-25
L0105,P0105,Loshika,17421,Pending,2016-11-19
L0106,P0106,tanuja,36425,Pending,2014-06-08
L0107,P0107,hema,41001,Pending,2013-11-17
L0108,P0108,trharun,37427,Approved,2016-06-30
L0109,P0109,LEkha,9196,Approved,2012-02-10
L0110,P0110,Sreenivasulu,12527,Pending,2010-05-26
L0111,P0111,Keerthi,46580,Rejected,2014-07-08
L0112,P0112,charan,32046,Approved,2012-05-15
L0113,P0113,gayathri,36111,Rejected,2016-02-20
L0114,P0114,vijay,15669,Approved,2020-10-17
L0115,P0115,Navya,28699,Rejected,2010-03-02
L0116,P0116,LEkha,30589,Rejected,2014-11-01
L0117,P0117,LEkha,12314,Pending,2020-07-31
L0118,P0118,Sreenivasulu,6252,Rejected,2021-08-27
L0119,P0119,Bhanu,42038,Pending,2020-09-17
L0120,P0120,yuva teja,31125,Rejected,2018-02-20
L0121,P0121,savithri,34781,Pending,2010-11-22
L0122,P0122,vaishnavi,45661,Rejected,2012-05-06
L0123,P0123,hari,39116,Pending,2020-10-12
L0124,P0124,charan,41488,Pending,2013-03-28
L0125,P0125,Keerthi,45692,Rejected,2018-04-29
L0126,P0126,sai leela,5430,Rejected,2017-11-11
L0127,P0127,vaishnavi,31655,Pending,2019-08-21
L0128,P0128,vaishnavi,47411,Rejected,2022-08-14
L0129,P0129,ramana,33934,Rejected,2010-04-15
L0130,P0130,Harsha vardhini,5258,Rejected,2018-12-02
L0131,P0131,muthumari,25243,Rejected,2012-08-03
L0132,P0132,Jyothi,47204,Rejected,2016-06-11
L0133,P0133,Gnana,33524,Rejected,2017-01-18
L0134,P0134,kedareshwar,15875,Approved,2020-12-26
L0135,P0135,prathyusha,45776,Approved,2024-05-22
L0136,P0136,Charitha,42267,Pending,2019-04-30
L0137,P0137,Jahnavi,43534,Pending,2015-03-13
L0138,P0138,Jyothi,20862,Rejected,2017-02-08
L0139,P0139,charan,34753,Pending,2015-11-13
L0140,P0140,subadra,31813,Rejected,2024-07-11
L0141,P0141,vaishnavi,34546,Rejected,2010-08-09
L0142,P0142,vijay,42758,Approved,2017-05-05
L0143,P0143,sai kiran,19890,Approved,2020-06-29
L0144,P0144,hema,42116,Rejected,2018-07-05
L0145,P0145,jyoshna,15851,Rejected,2012-06-17
L0146,P0146,supriya,8600,Rejected,2017-01-12
L0147,P0147,sai leela,5038,Pending,2013-11-05
L0148,P0148,charan,10428,Rejected,2019-08-18
L0149,P0149,nandhini,14415,Pending,2014-02-16
L0150,P0150,harshitha,21326,Pending,2020-06-08
L0151,P0151,muthumari,40198,Rejected,2022-07-09
L0152,P0152,jyoshna,20797,Pending,2023-04-19
L0153,P0153,Jyothi,5342,Pending,2012-09-20
L0154,P0154,supriya,43508,Approved,2018-12-20
L0155,P0155,Sreenivasulu,35545,Rejected,2019-06-05
L0156,P0156,yuva teja,28564,Pending,2023-12-07
L0157,P0157,Charitha,17702,Pending,2016-05-28
L0158,P0158,Jhansi,38026,Approved,2024-05-13
L0159,P0159,Jahnavi,19492,Pending,2018-05-29
L0160,P0160,supriya,45988,Approved,2013-05-29
L0161,P0161,hari,37424,Approved,2010-02-01
L0162,P0162,Keshav,36998,Approved,2014-09-06
L0163,P0163,siri,25268,Rejected,2015-05-29
L0164,P0164,charan,9087,Rejected,2022-06-25
L0165,P0165,muthumari,48565,Approved,2012-12-23
L0166,P0166,syamala,19577,Rejected,2022-07-15
L0167,P0167,harshitha,20521,Rejected,2016-06-22
L0168,P0168,Sreenivasulu,46241,Pending,2015-05-16
L0169,P0169,Charitha,23453,Pending,2014-02-06
L0170,P0170,Gnana,42510,Approved,2018-12-22
L0171,P0171,jyoshna,22947,Pending,2012-03-05
L0172,P0172,meghana,16085,Pending,2010-10-03
L0173,P0173,sravya,6772,Rejected,2020-02-28
L0174,P0174,vaishnavi,8826,Approved,2020-01-17
L0175,P0175,karishma,14285,Approved,2010-05-28
L0176,P0176,charan,10223,Rejected,2022-09-29
L0177,P0177,vijay,34943,Approved,2013-07-07
L0178,P0178,jyoshna,42778,Rejected,2019-10-29
L0179,P0179,nithin,11365,Approved,2022-04-12
L0180,P0180,Gnana,12164,Approved,2019-06-02
L0181,P0181,prathyusha,9300,Approved,2017-05-02
L0182,P0182,syamala,30345,Approved,2015-03-11
L0183,P0183,syamala,27652,Pending,2022-06-10
L0184,P0184,kullayi reddy,41899,Rejected,2024-07-11
L0185,P0185,gayathri,47817,Pending,2023-09-28
L0186,P0186,kedareshwar,46938,Rejected,2022-10-23
L0187,P0187,yuva teja,36986,Pending,2013-04-06
L0188,P0188,sai leela,19321,Pending,2012-02-04
L0189,P0189,vijay,38171,Approved,2012-01-30
L0190,P0190,yuva teja,23804,Pending,2023-02-13
L0191,P0191,Charitha,49533,Approved,2023-07-29
L0192,P0192,vasu,41180,Pending,2012-12-18
L0193,P0193,Gnana,6450,Pending,2022-02-14
L0194,P0194,hari,31013,Approved,2018-07-29
L0195,P0195,sravya,24817,Pending,2015-08-25
L0196,P0196,Bhanu,49476,Pending,2024-04-02
L0197,P0197,muthumari,10089,Pending,2012-06-01
L0198,P0198,hema,14267,Approved,2016-06-12
L0199,P0199,syamala,41841,Pending,2018-12-22
L0200,P0200,lekhasree,20162,Approved,2011-12-22
L0201,P0201,Vasanthi,26209,Pending,2024-06-07
L0202,P0202,hema,30363,Rejected,2013-05-23
L0203,P0203,kedareshwar,45616,Pending,2021-09-01
L0204,P0204,tanuja,34439,Approved,2016-06-10
L0205,P0205,Gnana,21156,Approved,2021-01-31
L0206,P0206,hari,18117,Rejected,2015-11-25
L0207,P0207,sai leela,17499,Approved,2013-09-04
L0208,P0208,Bhanu,40353,Approved,2019-10-06
L0209,P0209,pawan,8940,Approved,2019-04-30
L0210,P0210,trharun,47847,Rejected,2022-06-28
L0211,P0211,pragathi,44854,Pending,2016-07-24
L0212,P0212,charan,16570,Approved,2010-09-26
L0213,P0213,Navya,6277,Approved,2020-08-19
L0214,P0214,pragathi,11302,Pending,2023-04-24
L0215,P0215,muthumari,14963,Rejected,2018-07-01
L0216,P0216,Charitha,14644,Pending,2015-10-30
L0217,P0217,nithin,29014,Approved,2013-02-01
L0218,P0218,yuva teja,36626,Rejected,2023-11-26
L0219,P0219,nithin,30860,Pending,2022-06-16
L0220,P0220,lekhasree,5438,Approved,2013-12-17
L0221,P0221,nandhini,45366,Pending,2016-04-27
L0222,P0222,ramana,42153,Pending,2023-11-23
L0223,P0223,Harini,36496,Approved,2010-04-18
L0224,P0224,ramana,7732,Approved,2015-09-15
L0225,P0225,jyoshna,27739,Rejected,2021-06-18
L0226,P0226,maha,33214,Approved,2016-04-03
L0227,P0227,Harini,33552,Rejected,2011-05-28
L0228,P0228,Keerthi,32402,Rejected,2017-01-14
L0229,P0229,tramya,28136,Pending,2014-09-17
L0230,P0230,Charitha,8277,Pending,2023-02-10
L0231,P0231,tramya,14208,Rejected,2023-08-14
L0232,P0232,siri,12360,Rejected,2021-07-25
L0233,P0233,vasu,48280,Rejected,2011-03-07
L0234,P0234,ramana,15899,Pending,2020-11-19
L0235,P0235,sai kiran,14377,Pending,2018-07-11
L0236,P0236,sai kiran,49684,Rejected,2012-06-06
L0237,P0237,savithri,25275,Rejected,2021-07-16
L0238,P0238,Bhanu,47341,Pending,2014-06-05
L0239,P0239,Keerthi,9797,Rejected,2018-02-04
L0240,P0240,prathyusha,14830,Approved,2024-05-18
L0241,P0241,ramana,32161,Approved,2016-11-15
L0242,P0242,gayathri,37500,Pending,2016-05-27
L0243,P0243,tramya,45961,Approved,2023-03-20
L0244,P0244,Jhansi,30000,Approved,2016-11-05
L0245,P0245,supriya,30948,Rejected,2011-10-08
L0246,P0246,hema,33051,Approved,2010-06-23
L0247,P0247,sai kiran,34044,Pending,2022-12-13
L0248,P0248,meghana,8084,Approved,2011-11-06
L0249,P0249,pawan,33900,Approved,2015-10-20
L0250,P0250,kedareshwar,36429,Pending,2015-05-19
L0251,P0251,yuva teja,33710,Pending,2017-03-02
L0252,P0252,siri,30617,Approved,2020-05-27
L0253,P0253,sreedevi,9710,Rejected,2012-03-03
L0254,P0254,ramana,27726,Rejected,2015-10-12
L0255,P0255,siri,17501,Approved,2011-06-05
L0256,P0256,pragathi,10732,Rejected,2024-06-12
L0257,P0257,Navya,17036,Rejected,2012-04-17
L0258,P0258,maha,15292,Pending,2015-09-12
L0259,P0259,deepika,46244,Pending,2020-06-13
L0260,P0260,tramya,29281,Rejected,2018-06-29
L0261,P0261,kedareshwar,13847,Pending,2022-04-01
L0262,P0262,sravya,35701,Approved,2019-06-15
L0263,P0263,shashi,27201,Rejected,2014-12-01
L0264,P0264,sravya,49291,Approved,2012-10-01
L0265,P0265,priya,45660,Pending,2012-09-25
L0266,P0266,savithri,30565,Approved,2012-11-16
L0267,P0267,Keerthi,24566,Approved,2023-10-20
L0268,P0268,vaishnavi,22591,Pending,2023-09-30
L0269,P0269,harshitha,18514,Rejected,2019-01-30
L0270,P0270,hari,39577,Rejected,2016-06-13
L0271,P0271,sai kiran,39174,Pending,2021-10-30
L0272,P0272,LEkha,28048,Pending,2019-10-09
L0273,P0273,subadra,19734,Approved,2021-10-23
L0274,P0274,Gnana,7938,Approved,2012-05-04
L0275,P0275,Jahnavi,40555,Pending,2016-01-10
L0276,P0276,syamala,14527,Approved,2022-06-24
L0277,P0277,Harsha vardhini,36036,Rejected,2017-12-19
L0278,P0278,hari,44921,Rejected,2017-06-30
L0279,P0279,krishnaveni,31447,Pending,2010-05-04
L0280,P0280,maha,38377,Approved,2020-05-14
L0281,P0281,prathyusha,15282,Rejected,2011-04-26
L0282,P0282,charan,49176,Approved,2013-05-17
L0283,P0283,kullayi reddy,23593,Approved,2016-09-04
L0284,P0284,siri,49508,Rejected,2020-08-18
L0285,P0285,Bhanu,17966,Pending,2018-08-10
L0286,P0286,hema,22194,Rejected,2013-12-15
L0287,P0287,vijay,8806,Rejected,2012-05-13
L0288,P0288,sreedevi,48431,Rejected,2013-08-05
L0289,P0289,hema,31841,Approved,2011-04-28
L0290,P0290,prathyusha,49346,Rejected,2019-10-24
L0291,P0291,harshitha,5503,Approved,2010-04-03
L0292,P0292,Gnana,47587,Approved,2024-02-12
L0293,P0293,Jhansi,30755,Rejected,2012-02-04
L0294,P0294,Loshika,5045,Pending,2018-08-19
L0295,P0295,harshitha,45013,Rejected,2020-10-24
L0296,P0296,kullayi reddy,27708,Rejected,2023-06-09
L0297,P0297,sravya,29881,Rejected,2012-11-12
L0298,P0298,charan,44205,Approved,2021-08-02
L0299,P0299,nithin,26561,Approved,2012-04-01
L0300,P0300,meghana,21512,Approved,2017-06-11
L0301,P0301,Bhanu,31779,Approved,2011-06-06
L0302,P0302,lekhasree,33324,Rejected,2024-06-01
L0303,P0303,nithin,24870,Pending,2014-11-05
L0304,P0304,nandhini,36778,Approved,2013-12-29
L0305,P0305,Harsha vardhini,31397,Rejected,2012-08-15
L0306,P0306,Sreenivasulu,21854,Pending,2017-07-26
L0307,P0307,tanuja,21784,Rejected,2010-01-23
L0308,P0308,harshitha,21325,Approved,2020-11-20
L0309,P0309,krishnaveni,32195,Pending,2013-08-05
L0310,P0310,tramya,37017,Pending,2020-08-07
L0311,P0311,sai leela,23381,Rejected,2014-07-09
L0312,P0312,charan,37969,Approved,2014-03-25
L0313,P0313,savithri,20689,Rejected,2021-05-27
L0314,P0314,Keerthi,32131,Pending,2011-02-13
L0315,P0315,kullayi reddy,37127,Approved,2021-01-28
L0316,P0316,Bhanu,41478,Approved,2024-01-28
L0317,P0317,vaishnavi,45034,Rejected,2018-08-03
L0318,P0318,muthumari,9580,Approved,2013-07-04
L0319,P0319,charan,20572,Pending,2022-06-30
L0320,P0320,syamala,13033,Pending,2017-10-18
L0321,P0321,nithin,23284,Rejected,2023-12-15
L0322,P0322,sai leela,32485,Rejected,2013-04-27
L0323,P0323,pawan,47824,Rejected,2019-04-23
L0324,P0324,LEkha,25733,Approved,2014-04-18
L0325,P0325,LEkha,33218,Approved,2023-05-25
L0326,P0326,LEkha,21017,Rejected,2016-07-04
L0327,P0327,Harini,28567,Pending,2020-09-19
L0328,P0328,Jhansi,9448,Rejected,2016-02-12
L0329,P0329,Vasanthi,31180,Approved,2016-11-28
L0330,P0330,tanuja,39906,Pending,2012-12-26
L0331,P0331,Gnana,5047,Rejected,2020-08-03
L0332,P0332,meghana,39683,Pending,2016-11-21
L0333,P0333,meghana,45789,Pending,2023-01-15
L0334,P0334,Gnana,22054,Approved,2019-04-10
L0335,P0335,ramana,6161,Pending,2011-02-08
L0336,P0336,Jahnavi,20864,Approved,2020-09-26
L0337,P0337,krishnaveni,23787,Pending,2017-06-03
L0338,P0338,Jhansi,41634,Pending,2012-09-03
L0339,P0339,priya,14859,Rejected,2014-01-05
L0340,P0340,Harini,24180,Pending,2018-10-25
L0341,P0341,krishnaveni,15035,Pending,2019-12-03
L0342,P0342,sai kiran,32964,Approved,2018-12-18
L0343,P0343,Sreenivasulu,39185,Rejected,2018-08-17
L0344,P0344,pawan,26210,Rejected,2012-07-11
L0345,P0345,hari,21288,Rejected,2015-09-18
L0346,P0346,tanuja,26993,Pending,2010-10-12
L0347,P0347,supriya,40410,Pending,2019-12-01
L0348,P0348,Harsha vardhini,37733,Rejected,2022-06-04
L0349,P0349,subadra,25035,Approved,2020-08-01
L0350,P0350,Gnana,40840,Rejected,2013-08-26
L0351,P0351,Jahnavi,48936,Pending,2018-09-28
L0352,P0352,vasu,23938,Pending,2014-06-09
L0353,P0353,supriya,36564,Rejected,2020-01-28
L0354,P0354,sai kiran,24468,Rejected,2022-05-02
L0355,P0355,Jhansi,38390,Pending,2017-07-10
L0356,P0356,sravya,21514,Approved,2021-02-06
L0357,P0357,siri,38513,Approved,2022-05-30
L0358,P0358,Vasanthi,19875,Rejected,2022-02-27
L0359,P0359,vasu,33322,Rejected,2023-03-19
L0360,P0360,subadra,13086,Pending,2014-11-25
L0361,P0361,Likitha,42153,Rejected,2021-06-22
L0362,P0362,savithri,42962,Approved,2018-11-07
L0363,P0363,syamala,7019,Approved,2019-08-05
L0364,P0364,lekhasree,31038,Rejected,2021-10-22
L0365,P0365,kullayi reddy,40261,Rejected,2013-11-12
L0366,P0366,pragathi,41936,Rejected,2020-11-21
L0367,P0367,Loshika,33889,Pending,2023-08-23
L0368,P0368,sai leela,31451,Approved,2021-01-25
L0369,P0369,hari,15190,Rejected,2013-04-01
L0370,P0370,vasu,32336,Rejected,2022-12-31
L0371,P0371,tanuja,37600,Rejected,2010-05-27
L0372,P0372,vaishnavi,25405,Approved,2013-10-26
L0373,P0373,charan,46509,Pending,2020-04-25
L0374,P0374,prathyusha,29615,Rejected,2022-06-25
L0375,P0375,supriya,40503,Pending,2020-07-10
L0376,P0376,Keerthi,28787,Pending,2022-09-30
L0377,P0377,hema,18908,Rejected,2011-03-01
L0378,P0378,gayathri,13940,Pending,2013-08-07
L0379,P0379,sai kiran,31557,Pending,2011-07-02
L0380,P0380,vasu,29101,Rejected,2012-01-15
L0381,P0381,sravya,28725,Pending,2022-10-03
L0382,P0382,gayathri,24119,Rejected,2017-11-22
L0383,P0383,Vasanthi,30089,Pending,2014-05-23
L0384,P0384,syamala,13229,Approved,2015-01-07
L0385,P0385,hari,49847,Rejected,2022-03-09
L0386,P0386,karishma,5209,Approved,2018-01-20
L0387,P0387,kullayi reddy,48756,Rejected,2018-07-11
L0388,P0388,karishma,21416,Approved,2013-02-23
L0389,P0389,LEkha,41768,Approved,2013-12-23
L0390,P0390,LEkha,38612,Rejected,2020-01-22
L0391,P0391,Vasanthi,17420,Rejected,2019-12-19
L0392,P0392,LEkha,11181,Pending,2020-04-20
L0393,P0393,vaishnavi,24679,Approved,2012-04-01
L0394,P0394,sai kiran,40005,Pending,2022-08-20
L0395,P0395,vijay,8118,Approved,2020-03-24
L0396,P0396,trharun,10622,Pending,2012-03-30
L0397,P0397,karishma,6395,Approved,2012-03-27
L0398,P0398,supriya,41051,Rejected,2023-07-07
L0399,P0399,pragathi,31913,Rejected,2024-04-17
L0400,P0400,savithri,29637,Approved,2022-10-21
L0401,P0401,sreedevi,29121,Rejected,2016-02-13
L0402,P0402,Bhanu,15005,Rejected,2012-10-26
L0403,P0403,vijay,41208,Pending,2017-07-05
L0404,P0404,sravya,39892,Approved,2018-06-08
L0405,P0405,deepika,14246,Pending,2014-10-26
L0406,P0406,Sreenivasulu,43814,Approved,2016-12-29
L0407,P0407,subadra,39653,Approved,2010-02-15
L0408,P0408,karishma,34625,Approved,2023-03-18
L0409,P0409,siri,46702,Rejected,2021-11-15
L0410,P0410,savithri,12655,Approved,2013-11-18
L0411,P0411,Charitha,5315,Approved,2022-01-21
L0412,P0412,Jhansi,32735,Rejected,2023-08-21
L0413,P0413,syamala,12191,Pending,2024-01-16
L0414,P0414,sai kiran,23666,Rejected,2018-09-30
L0415,P0415,charan,12175,Pending,2018-05-16
L0416,P0416,Vasanthi,38887,Pending,2017-10-04
L0417,P0417,prathyusha,6308,Rejected,2012-02-20
L0418,P0418,Jyothi,48304,Pending,2020-05-09
L0419,P0419,yuva teja,34070,Approved,2013-07-21
L0420,P0420,Harini,26039,Rejected,2017-04-12
L0421,P0421,trharun,29707,Rejected,2016-01-03
L0422,P0422,nandhini,32471,Approved,2016-12-03
L0423,P0423,tramya,23463,Approved,2018-03-25
L0424,P0424,Jahnavi,41437,Approved,2019-09-14
L0425,P0425,subadra,48847,Pending,2019-09-15
L0426,P0426,Likitha,45358,Approved,2023-03-27
L0427,P0427,Harini,48734,Rejected,2011-08-20
L0428,P0428,yuva teja,30925,Approved,2014-02-16
L0429,P0429,prathyusha,24983,Approved,2013-09-24
L0430,P0430,gayathri,14504,Rejected,2012-08-25
L0431,P0431,pawan,10562,Pending,2017-09-18
L0432,P0432,siri,34205,Pending,2017-11-30
L0433,P0433,Jahnavi,20673,Approved,2014-10-19
L0434,P0434,nithin,33712,Approved,2017-07-17
L0435,P0435,sai kiran,18044,Pending,2023-07-24
L0436,P0436,sreedevi,33929,Pending,2016-09-26
L0437,P0437,kedareshwar,49419,Approved,2024-08-05
L0438,P0438,syamala,5115,Rejected,2018-02-07
L0439,P0439,pawan,29498,Rejected,2010-11-05
L0440,P0440,tramya,30312,Approved,2017-12-28
L0441,P0441,kedareshwar,8845,Pending,2017-10-30
L0442,P0442,nandhini,6955,Approved,2012-07-23
L0443,P0443,subadra,32243,Pending,2023-07-08
L0444,P0444,sreedevi,15839,Approved,2016-03-16
L0445,P0445,yuva teja,19315,Pending,2016-01-03
L0446,P0446,sai kiran,35337,Pending,2019-04-10
L0447,P0447,Vasanthi,30366,Pending,2012-09-03
L0448,P0448,Jhansi,34021,Pending,2020-01-06
L0449,P0449,lekhasree,9258,Approved,2013-03-21
L0450,P0450,Gnana,44732,Approved,2018-09-29
L0451,P0451,meghana,12529,Approved,2016-08-24
L0452,P0452,shashi,7606,Rejected,2015-06-15
L0453,P0453,tramya,45189,Pending,2014-10-27
L0454,P0454,Navya,17239,Approved,2015-01-12
L0455,P0455,Likitha,44251,Rejected,2017-02-06
L0456,P0456,yuva teja,9402,Approved,2022-03-17
L0457,P0457,nithin,26253,Pending,2024-07-20
L0458,P0458,pawan,11582,Pending,2017-02-14
L0459,P0459,yuva teja,38927,Approved,2012-05-08
L0460,P0460,Harini,28118,Pending,2016-07-14
L0461,P0461,muthumari,18553,Approved,2017-09-05
L0462,P0462,karishma,38630,Approved,2013-12-12
L0463,P0463,trharun,39275,Rejected,2017-03-23
L0464,P0464,pawan,14872,Pending,2022-12-26
L0465,P0465,Gnana,24615,Rejected,2021-01-21
L0466,P0466,charan,19973,Approved,2024-01-07
L0467,P0467,maha,13067,Pending,2013-06-28
L0468,P0468,LEkha,38055,Approved,2021-03-05
L0469,P0469,vaishnavi,8071,Approved,2010-11-23
L0470,P0470,sreedevi,48710,Pending,2012-07-21
L0471,P0471,Karthik,8700,Pending,2015-09-19
L0472,P0472,pawan,11993,Rejected,2018-04-01
L0473,P0473,subadra,8669,Pending,2018-09-20
L0474,P0474,tramya,6634,Pending,2014-03-16
L0475,P0475,sreedevi,16844,Approved,2014-01-27
L0476,P0476,hema,12358,Pending,2016-07-25
L0477,P0477,muthumari,22973,Approved,2011-01-19
L0478,P0478,meghana,24443,Approved,2017-04-30
L0479,P0479,Likitha,26276,Approved,2024-01-13
L0480,P0480,yuva teja,36194,Approved,2024-01-06
L0481,P0481,kedareshwar,5010,Pending,2018-02-14
L0482,P0482,charan,11878,Approved,2011-01-22
L0483,P0483,kullayi reddy,41648,Rejected,2011-09-28
L0484,P0484,pawan,22687,Approved,2022-09-13
L0485,P0485,Gnana,25419,Pending,2012-11-22
L0486,P0486,Keshav,30785,Rejected,2014-02-01
L0487,P0487,meghana,43480,Rejected,2023-09-05
L0488,P0488,muthumari,23847,Rejected,2011-12-12
L0489,P0489,pawan,45406,Rejected,2022-05-15
L0490,P0490,maha,39354,Approved,2016-08-05
L0491,P0491,sai kiran,25945,Pending,2024-08-25
L0492,P0492,Loshika,25464,Rejected,2019-12-10
L0493,P0493,gayathri,9296,Approved,2020-05-31
L0494,P0494,harshitha,27457,Pending,2019-12-29
L0495,P0495,kedareshwar,5989,Approved,2023-10-19
L0496,P0496,kedareshwar,46205,Rejected,2012-12-01
L0497,P0497,Loshika,41402,Rejected,2012-08-01
L0498,P0498,tramya,26926,Approved,2011-01-23
L0499,P0499,subadra,6683,Pending,2016-01-29
L0500,P0500,subadra,44113,Rejected,2010-11-24
L0501,P0501,Harsha vardhini,47516,Pending,2020-11-23
L0502,P0502,Loshika,12982,Pending,2013-07-01
L0503,P0503,pawan,48859,Approved,2022-02-09
L0504,P0504,supriya,35841,Rejected,2017-01-15
L0505,P0505,Bhanu,10287,Rejected,2023-05-26
L0506,P0506,Gnana,10672,Approved,2024-03-19
L0507,P0507,karishma,40517,Pending,2011-11-08
L0508,P0508,hema,31799,Pending,2016-02-20
L0509,P0509,maha,31938,Pending,2019-07-24
L0510,P0510,Jyothi,13713,Pending,2019-06-27
L0511,P0511,Sreenivasulu,41580,Approved,2022-11-03
L0512,P0512,syamala,37773,Approved,2013-09-18
L0513,P0513,Navya,22520,Rejected,2013-06-02
L0514,P0514,priya,14022,Approved,2010-02-14
L0515,P0515,sravya,17541,Approved,2018-07-19
L0516,P0516,sai kiran,34921,Approved,2011-01-16
L0517,P0517,Likitha,17517,Pending,2013-06-07
L0518,P0518,harshitha,44891,Pending,2021-11-28
L0519,P0519,nithin,39951,Approved,2021-05-24
L0520,P0520,pragathi,28948,Approved,2021-09-23
L0521,P0521,Karthik,42569,Pending,2010-09-28
L0522,P0522,tanuja,48785,Pending,2024-02-02
L0523,P0523,Gnana,23173,Approved,2020-02-14
L0524,P0524,vasu,23955,Pending,2019-09-04
L0525,P0525,Karthik,22098,Approved,2017-04-02
L0526,P0526,Harini,14778,Approved,2018-02-06
L0527,P0527,pawan,35483,Rejected,2012-04-14
L0528,P0528,Jyothi,14216,Rejected,2018-05-13
L0529,P0529,vasu,40841,Rejected,2021-08-18
L0530,P0530,sravya,6738,Rejected,2022-02-26
L0531,P0531,Likitha,16796,Pending,2015-01-03
L0532,P0532,karishma,40641,Approved,2022-08-23
L0533,P0533,priya,16630,Rejected,2011-10-12
L0534,P0534,gayathri,6184,Approved,2017-01-24
L0535,P0535,Loshika,24835,Pending,2018-03-03
L0536,P0536,Bhanu,26008,Approved,2016-08-08
L0537,P0537,trharun,40805,Rejected,2023-10-11
L0538,P0538,Jhansi,24999,Rejected,2020-10-23
L0539,P0539,sai leela,21739,Pending,2017-11-02
L0540,P0540,shashi,22664,Rejected,2023-02-28
L0541,P0541,prathyusha,22026,Approved,2021-11-04
L0542,P0542,siri,25422,Pending,2022-02-20
L0543,P0543,meghana,39382,Pending,2014-11-02
L0544,P0544,sai kiran,9539,Pending,2018-08-27
L0545,P0545,LEkha,33845,Rejected,2014-11-27
L0546,P0546,lekhasree,7913,Approved,2012-01-02
L0547,P0547,deepika,40126,Rejected,2014-06-07
L0548,P0548,priya,18386,Rejected,2016-02-29
L0549,P0549,Harini,45628,Approved,2013-02-14
L0550,P0550,ramana,31741,Rejected,2023-07-22
L0551,P0551,priya,18341,Approved,2023-06-30
L0552,P0552,hema,23356,Approved,2018-02-15
L0553,P0553,Gnana,17990,Pending,2012-11-02
L0554,P0554,Keerthi,8794,Pending,2019-07-02
L0555,P0555,Vasanthi,15396,Rejected,2019-09-01
L0556,P0556,Gnana,9267,Rejected,2018-02-10
L0557,P0557,supriya,24924,Rejected,2012-09-28
L0558,P0558,priya,41397,Approved,2014-11-10
L0559,P0559,tramya,40160,Approved,2021-03-31
L0560,P0560,syamala,45216,Approved,2017-10-31
L0561,P0561,vaishnavi,10260,Rejected,2016-03-02
L0562,P0562,LEkha,49585,Rejected,2013-06-03
L0563,P0563,vijay,8328,Rejected,2023-10-22
L0564,P0564,deepika,14856,Approved,2018-11-16
L0565,P0565,gayathri,49017,Approved,2022-11-16
L0566,P0566,vasu,49535,Rejected,2016-07-20
L0567,P0567,priya,33143,Rejected,2018-05-13
L0568,P0568,vasu,24838,Approved,2023-03-14
L0569,P0569,vijay,30864,Pending,2014-08-20
L0570,P0570,Harsha vardhini,7823,Approved,2010-01-08
L0571,P0571,Keerthi,22211,Approved,2012-06-14
L0572,P0572,Keerthi,6138,Rejected,2010-06-19
L0573,P0573,sreedevi,34405,Rejected,2016-03-19
L0574,P0574,pragathi,38344,Pending,2013-09-15
L0575,P0575,savithri,21955,Approved,2017-03-01
L0576,P0576,Harsha vardhini,35723,Pending,2014-01-31
L0577,P0577,LEkha,19699,Rejected,2020-03-02
L0578,P0578,yuva teja,39006,Approved,2013-05-09
L0579,P0579,supriya,20236,Rejected,2016-08-29
L0580,P0580,savithri,25242,Rejected,2010-03-18
L0581,P0581,supriya,29760,Pending,2011-07-11
L0582,P0582,krishnaveni,36431,Pending,2015-09-14
L0583,P0583,Harini,14806,Pending,2011-05-23
L0584,P0584,nithin,24852,Approved,2016-06-03
L0585,P0585,vasu,45264,Approved,2015-05-05
L0586,P0586,sravya,33908,Pending,2012-11-06
L0587,P0587,siri,27477,Rejected,2010-10-10
L0588,P0588,tanuja,25428,Rejected,2012-05-30
L0589,P0589,Harini,9168,Pending,2015-06-07
L0590,P0590,vijay,14863,Approved,2015-01-01
L0591,P0591,Jahnavi,47382,Pending,2019-05-31
L0592,P0592,lekhasree,29793,Approved,2023-07-29
L0593,P0593,syamala,26744,Rejected,2012-09-08
L0594,P0594,trharun,49372,Rejected,2018-01-28
L0595,P0595,krishnaveni,40018,Approved,2018-02-13
L0596,P0596,kullayi reddy,34161,Pending,2012-01-20
L0597,P0597,yuva teja,23903,Approved,2013-05-01
L0598,P0598,vasu,8108,Approved,2017-05-03
L0599,P0599,shashi,37840,Approved,2022-06-18
L0600,P0600,nandhini,26047,Approved,2017-09-30
L0601,P0601,Loshika,15555,Pending,2023-08-02
L0602,P0602,trharun,12414,Approved,2016-10-01
L0603,P0603,Bhanu,46883,Rejected,2024-07-19
L0604,P0604,vijay,5944,Approved,2010-06-15
L0605,P0605,sravya,5213,Pending,2022-09-03
L0606,P0606,Karthik,15462,Rejected,2011-09-14
L0607,P0607,syamala,41307,Rejected,2018-12-07
L0608,P0608,krishnaveni,37800,Pending,2011-02-05
L0609,P0609,Keshav,30813,Approved,2022-02-11
L0610,P0610,LEkha,16398,Rejected,2012-05-07
L0611,P0611,Loshika,15811,Pending,2010-10-02
L0612,P0612,tramya,20566,Pending,2013-09-07
L0613,P0613,syamala,15063,Approved,2018-03-17
L0614,P0614,Loshika,23648,Rejected,2021-07-12
L0615,P0615,kullayi reddy,46244,Pending,2023-10-16
L0616,P0616,sravya,33852,Pending,2016-04-16
L0617,P0617,subadra,36705,Pending,2014-03-21
L0618,P0618,Harini,16549,Rejected,2015-07-25
L0619,P0619,Charitha,18753,Approved,2019-12-07
L0620,P0620,savithri,32994,Pending,2020-10-29
L0621,P0621,ramana,10887,Pending,2020-08-20
L0622,P0622,maha,9737,Rejected,2019-02-28
L0623,P0623,hari,10426,Pending,2012-10-06
L0624,P0624,priya,34664,Rejected,2020-08-20
L0625,P0625,Harini,28850,Approved,2013-02-24
L0626,P0626,muthumari,45331,Pending,2012-02-20
L0627,P0627,sai kiran,46403,Rejected,2012-12-20
L0628,P0628,Navya,14951,Pending,2020-06-10
L0629,P0629,tanuja,46497,Rejected,2017-07-16
L0630,P0630,nithin,22374,Approved,2022-08-02
L0631,P0631,Jahnavi,22289,Rejected,2015-04-27
L0632,P0632,vasu,34162,Approved,2016-02-23
L0633,P0633,nandhini,36177,Pending,2019-09-16
L0634,P0634,Karthik,27999,Rejected,2016-11-11
L0635,P0635,kullayi reddy,21661,Rejected,2020-02-19
L0636,P0636,lekhasree,44417,Approved,2012-06-09
L0637,P0637,yuva teja,12689,Approved,2021-08-01
L0638,P0638,kedareshwar,19258,Approved,2015-04-02
L0639,P0639,pragathi,35415,Pending,2022-03-14
L0640,P0640,nandhini,37128,Approved,2017-07-04
L0641,P0641,nandhini,6956,Approved,2019-12-25
L0642,P0642,lekhasree,42235,Rejected,2017-07-04
L0643,P0643,vijay,8756,Approved,2024-05-30
L0644,P0644,maha,15642,Pending,2021-08-22
L0645,P0645,vijay,39652,Pending,2024-03-15
L0646,P0646,karishma,36462,Approved,2013-03-31
L0647,P0647,subadra,32821,Approved,2022-09-06
L0648,P0648,vaishnavi,19086,Pending,2013-04-21
L0649,P0649,kullayi reddy,9929,Rejected,2024-02-09
L0650,P0650,muthumari,19669,Approved,2014-05-23
L0651,P0651,karishma,24436,Approved,2011-02-17
L0652,P0652,Keerthi,31376,Pending,2010-10-31
L0653,P0653,Vasanthi,33787,Approved,2022-10-22
L0654,P0654,sai leela,29323,Pending,2014-10-14
L0655,P0655,shashi,9261,Rejected,2021-04-25
L0656,P0656,krishnaveni,39726,Pending,2013-09-12
L0657,P0657,priya,34627,Rejected,2024-02-29
L0658,P0658,maha,9335,Pending,2019-08-23
L0659,P0659,Harsha vardhini,39329,Rejected,2023-01-22
L0660,P0660,Jahnavi,10316,Rejected,2023-07-12
L0661,P0661,sai leela,28984,Pending,2015-04-23
L0662,P0662,Harini,19125,Pending,2019-08-22
L0663,P0663,Gnana,14352,Pending,2016-08-11
L0664,P0664,Navya,45537,Rejected,2020-07-17
L0665,P0665,pragathi,18328,Approved,2013-06-26
L0666,P0666,trharun,27589,Approved,2020-10-14
L0667,P0667,sreedevi,12490,Pending,2010-11-19
L0668,P0668,muthumari,41412,Rejected,2012-12-09
L0669,P0669,tanuja,11307,Pending,2016-08-10
L0670,P0670,muthumari,40090,Pending,2013-01-28
L0671,P0671,Gnana,28156,Approved,2019-05-28
L0672,P0672,supriya,10947,Approved,2015-11-02
L0673,P0673,vaishnavi,31466,Pending,2010-03-02
L0674,P0674,kullayi reddy,31182,Pending,2010-03-06
L0675,P0675,hari,47511,Approved,2020-09-17
L0676,P0676,Gnana,19678,Rejected,2021-10-29
L0677,P0677,shashi,44639,Approved,2010-01-17
L0678,P0678,tramya,19937,Pending,2014-01-30
L0679,P0679,supriya,13732,Pending,2019-12-29
L0680,P0680,muthumari,36735,Approved,2020-03-29
L0681,P0681,Jahnavi,16708,Pending,2011-10-20
L0682,P0682,yuva teja,14518,Approved,2023-08-11
L0683,P0683,syamala,21704,Approved,2014-06-21
L0684,P0684,Keshav,24718,Rejected,2013-05-12
L0685,P0685,gayathri,46744,Pending,2023-10-22
L0686,P0686,Navya,5800,Approved,2021-12-30
L0687,P0687,Charitha,24026,Pending,2014-05-14
L0688,P0688,vaishnavi,18552,Rejected,2019-10-15
L0689,P0689,sai kiran,22807,Rejected,2019-03-07
L0690,P0690,shashi,35086,Pending,2021-10-29
L0691,P0691,shashi,16328,Pending,2019-07-27
L0692,P0692,meghana,14388,Rejected,2021-03-11
L0693,P0693,charan,24645,Pending,2018-05-07
L0694,P0694,Jhansi,7509,Approved,2023-03-21
L0695,P0695,syamala,10188,Approved,2011-06-25
L0696,P0696,karishma,39726,Pending,2022-10-22
L0697,P0697,yuva teja,35867,Rejected,2022-03-13
L0698,P0698,priya,24551,Rejected,2013-09-03
L0699,P0699,Bhanu,11161,Approved,2024-04-01
L0700,P0700,krishnaveni,30560,Approved,2015-12-31
L0701,P0701,prathyusha,30767,Pending,2017-09-21
L0702,P0702,meghana,22277,Pending,2013-04-11
L0703,P0703,harshitha,39091,Pending,2014-11-18
L0704,P0704,vaishnavi,34414,Pending,2015-06-02
L0705,P0705,vaishnavi,5599,Rejected,2015-12-03
L0706,P0706,Karthik,5780,Rejected,2016-01-06
L0707,P0707,Jahnavi,18242,Approved,2013-09-03
L0708,P0708,nithin,41335,Rejected,2021-05-09
L0709,P0709,kullayi reddy,24344,Approved,2023-07-27
L0710,P0710,sai kiran,10822,Pending,2015-06-01
L0711,P0711,kullayi reddy,26704,Rejected,2014-11-14
L0712,P0712,Jyothi,45274,Rejected,2012-06-23
L0713,P0713,Karthik,34496,Pending,2021-10-05
L0714,P0714,krishnaveni,24830,Rejected,2019-05-29
L0715,P0715,tanuja,23087,Approved,2012-01-22
L0716,P0716,maha,9118,Approved,2022-02-04
L0717,P0717,muthumari,42933,Rejected,2020-12-04
L0718,P0718,pawan,32220,Approved,2011-01-04
L0719,P0719,shashi,33790,Pending,2019-10-19
L0720,P0720,Gnana,8938,Pending,2022-04-22
L0721,P0721,kullayi reddy,8290,Rejected,2022-06-01
L0722,P0722,tanuja,19305,Pending,2010-11-14
L0723,P0723,Harsha vardhini,12937,Approved,2018-08-17
L0724,P0724,krishnaveni,44486,Approved,2015-07-09
L0725,P0725,muthumari,29991,Rejected,2016-11-01
L0726,P0726,pawan,12920,Pending,2023-07-12
L0727,P0727,maha,49238,Rejected,2016-06-11
L0728,P0728,nithin,11178,Rejected,2022-03-13
L0729,P0729,Keshav,15934,Approved,2022-01-15
L0730,P0730,Harini,44679,Approved,2010-02-22
L0731,P0731,pawan,22449,Approved,2022-03-17
L0732,P0732,trharun,44066,Pending,2014-09-16
L0733,P0733,Harini,5100,Rejected,2019-12-31
L0734,P0734,Loshika,27968,Approved,2015-12-05
L0735,P0735,lekhasree,25176,Rejected,2014-08-26
L0736,P0736,muthumari,21465,Pending,2015-05-21
L0737,P0737,ramana,45349,Pending,2022-04-17
L0738,P0738,maha,15629,Approved,2020-02-26
L0739,P0739,gayathri,5602,Approved,2015-09-02
L0740,P0740,siri,36826,Pending,2012-11-28
L0741,P0741,tanuja,17400,Pending,2011-08-19
L0742,P0742,Jahnavi,13197,Rejected,2019-09-11
L0743,P0743,yuva teja,7071,Rejected,2024-08-13
L0744,P0744,hari,7015,Rejected,2017-01-11
L0745,P0745,siri,44348,Rejected,2015-01-28
L0746,P0746,hema,34662,Pending,2014-08-31
L0747,P0747,subadra,47520,Approved,2016-06-19
L0748,P0748,vasu,12895,Approved,2017-02-10
L0749,P0749,Bhanu,44336,Pending,2016-12-31
L0750,P0750,Harini,35330,Approved,2019-01-03
L0751,P0751,prathyusha,6599,Approved,2016-01-13
L0752,P0752,sai leela,48590,Pending,2023-11-03
L0753,P0753,Harini,28945,Pending,2022-06-21
L0754,P0754,kedareshwar,23284,Approved,2022-05-16
L0755,P0755,vasu,34411,Pending,2022-06-02
L0756,P0756,karishma,11057,Approved,2011-11-21
L0757,P0757,savithri,33425,Rejected,2022-01-25
L0758,P0758,pawan,34354,Pending,2017-03-17
L0759,P0759,syamala,27198,Approved,2016-03-06
L0760,P0760,Jhansi,35420,Approved,2019-03-03
L0761,P0761,Loshika,37148,Approved,2014-04-19
L0762,P0762,supriya,38828,Approved,2014-05-15
L0763,P0763,prathyusha,40326,Approved,2011-01-30
L0764,P0764,Karthik,11048,Approved,2011-05-02
L0765,P0765,yuva teja,33869,Rejected,2019-03-23
L0766,P0766,siri,7441,Pending,2017-07-19
L0767,P0767,shashi,35474,Approved,2013-09-30
L0768,P0768,pawan,37011,Pending,2012-11-14
L0769,P0769,Harini,5418,Pending,2020-10-19
L0770,P0770,Vasanthi,31564,Pending,2023-07-16
L0771,P0771,maha,7526,Pending,2019-03-17
L0772,P0772,Sreenivasulu,5962,Approved,2013-12-05
L0773,P0773,vaishnavi,13406,Pending,2016-02-21
L0774,P0774,Loshika,46113,Approved,2020-07-26
L0775,P0775,Gnana,43245,Approved,2022-09-02
L0776,P0776,Sreenivasulu,22085,Approved,2018-07-01
L0777,P0777,trharun,16736,Pending,2012-12-05
L0778,P0778,gayathri,41497,Rejected,2010-12-08
L0779,P0779,pawan,6893,Pending,2017-03-17
L0780,P0780,sreedevi,9754,Approved,2020-12-01
L0781,P0781,deepika,35545,Rejected,2016-08-24
L0782,P0782,sai kiran,6304,Rejected,2014-06-22
L0783,P0783,pawan,14754,Approved,2016-10-07
L0784,P0784,nandhini,11012,Approved,2017-07-20
L0785,P0785,pawan,6988,Approved,2013-05-24
L0786,P0786,pawan,42956,Rejected,2012-01-05
L0787,P0787,tramya,27328,Pending,2017-03-12
L0788,P0788,tanuja,25307,Pending,2022-10-15
L0789,P0789,Likitha,49587,Pending,2014-12-07
L0790,P0790,vaishnavi,30934,Approved,2012-06-28
L0791,P0791,yuva teja,32987,Approved,2011-12-26
L0792,P0792,pawan,13258,Pending,2017-03-22
L0793,P0793,krishnaveni,36715,Rejected,2017-12-31
L0794,P0794,Jyothi,5490,Rejected,2012-07-09
L0795,P0795,syamala,46428,Pending,2010-09-13
L0796,P0796,sreedevi,45516,Pending,2014-03-09
L0797,P0797,Likitha,34852,Pending,2022-09-30
L0798,P0798,jyoshna,48972,Pending,2023-05-30
L0799,P0799,pawan,17458,Rejected,2023-05-05
L0800,P0800,deepika,42921,Approved,2010-07-25
L0801,P0801,sai leela,16334,Rejected,2012-10-14
L0802,P0802,muthumari,39986,Rejected,2010-04-20
L0803,P0803,Loshika,29828,Approved,2011-07-03
L0804,P0804,prathyusha,40938,Pending,2015-07-17
L0805,P0805,Likitha,28746,Pending,2023-03-25
L0806,P0806,harshitha,36655,Approved,2019-11-26
L0807,P0807,prathyusha,47925,Approved,2010-11-29
L0808,P0808,trharun,10329,Pending,2019-09-03
L0809,P0809,nandhini,16304,Rejected,2016-09-06
L0810,P0810,Jhansi,37788,Pending,2012-10-28
L0811,P0811,Keerthi,29437,Pending,2017-07-27
L0812,P0812,nandhini,45659,Approved,2013-04-10
L0813,P0813,Loshika,34340,Rejected,2017-07-28
L0814,P0814,trharun,9422,Approved,2011-06-29
L0815,P0815,LEkha,38092,Pending,2021-01-16
L0816,P0816,pragathi,30731,Approved,2017-07-22
L0817,P0817,yuva teja,13860,Approved,2019-01-11
L0818,P0818,Harini,31091,Approved,2010-06-28
L0819,P0819,krishnaveni,7691,Approved,2012-02-08
L0820,P0820,lekhasree,34874,Rejected,2010-07-24
L0821,P0821,Vasanthi,15733,Rejected,2014-10-31
L0822,P0822,lekhasree,46465,Rejected,2010-09-12
L0823,P0823,kullayi reddy,39515,Pending,2020-05-28
L0824,P0824,Navya,11546,Pending,2021-02-24
L0825,P0825,pragathi,23676,Approved,2023-01-16
L0826,P0826,karishma,12890,Approved,2010-06-11
L0827,P0827,krishnaveni,19043,Rejected,2024-07-16
L0828,P0828,Jhansi,34733,Rejected,2022-11-22
L0829,P0829,Gnana,10924,Pending,2019-05-22
L0830,P0830,Keshav,15526,Approved,2014-05-17
L0831,P0831,Jhansi,49107,Approved,2014-08-18
L0832,P0832,tanuja,28646,Pending,2011-05-27
L0833,P0833,Charitha,46456,Approved,2024-04-10
L0834,P0834,Vasanthi,6761,Approved,2018-04-30
L0835,P0835,jyoshna,43489,Approved,2013-09-20
L0836,P0836,tanuja,17655,Pending,2016-10-20
L0837,P0837,maha,49705,Rejected,2012-04-07
L0838,P0838,vijay,33731,Rejected,2016-03-04
L0839,P0839,supriya,49248,Rejected,2017-07-10
L0840,P0840,Jhansi,19109,Pending,2021-06-28
L0841,P0841,LEkha,12447,Pending,2014-11-08
L0842,P0842,sreedevi,25846,Approved,2018-01-04
L0843,P0843,Karthik,15501,Pending,2016-09-24
L0844,P0844,Bhanu,45140,Pending,2013-04-28
L0845,P0845,syamala,30802,Rejected,2023-03-27
L0846,P0846,vaishnavi,24424,Approved,2023-09-27
L0847,P0847,sai leela,45457,Pending,2020-04-29
L0848,P0848,nithin,24227,Rejected,2013-10-03
L0849,P0849,shashi,35443,Pending,2021-11-18
L0850,P0850,deepika,9258,Pending,2016-12-13
L0851,P0851,vijay,13518,Approved,2019-04-09
L0852,P0852,tramya,27209,Approved,2014-06-03
L0853,P0853,sai kiran,45477,Pending,2019-09-03
L0854,P0854,pawan,20053,Pending,2020-04-13
L0855,P0855,muthumari,7979,Approved,2022-10-06
L0856,P0856,yuva teja,19484,Rejected,2015-08-15
L0857,P0857,charan,23621,Rejected,2017-10-20
L0858,P0858,Jyothi,34988,Rejected,2013-04-15
L0859,P0859,Harsha vardhini,27595,Approved,2024-03-26
L0860,P0860,kedareshwar,42706,Pending,2015-08-31
L0861,P0861,pragathi,35712,Pending,2014-08-27
L0862,P0862,priya,18406,Rejected,2011-05-20
L0863,P0863,vijay,9411,Pending,2012-09-12
L0864,P0864,krishnaveni,21943,Approved,2024-03-25
L0865,P0865,Keerthi,29045,Approved,2014-04-13
L0866,P0866,syamala,32583,Rejected,2022-04-10
L0867,P0867,hema,44429,Rejected,2012-05-14
L0868,P0868,sai kiran,19669,Rejected,2016-06-12
L0869,P0869,nandhini,22804,Rejected,2013-04-12
L0870,P0870,Navya,43220,Rejected,2021-06-10
L0871,P0871,Jyothi,11792,Pending,2023-07-17
L0872,P0872,tramya,49695,Rejected,2024-06-14
L0873,P0873,kedareshwar,23865,Pending,2021-10-28
L0874,P0874,vaishnavi,20792,Rejected,2023-04-09
L0875,P0875,Karthik,49358,Approved,2021-03-09
L0876,P0876,tanuja,41884,Pending,2014-07-12
L0877,P0877,maha,33467,Pending,2018-07-21
L0878,P0878,gayathri,48656,Approved,2012-09-09
L0879,P0879,Vasanthi,28551,Pending,2011-03-28
L0880,P0880,sreedevi,16569,Rejected,2014-02-24
L0881,P0881,sai kiran,5508,Rejected,2012-03-25
L0882,P0882,ramana,36116,Rejected,2010-10-21
L0883,P0883,subadra,8478,Rejected,2021-03-04
L0884,P0884,Navya,38727,Pending,2017-06-04
L0885,P0885,Harini,41201,Rejected,2021-05-04
L0886,P0886,sai leela,44965,Approved,2020-02-04
L0887,P0887,Jyothi,40016,Pending,2014-05-21
L0888,P0888,jyoshna,11078,Rejected,2012-06-05
L0889,P0889,hari,39260,Approved,2023-05-13
L0890,P0890,charan,40064,Pending,2018-04-20
L0891,P0891,Gnana,8157,Approved,2015-07-12
L0892,P0892,prathyusha,11330,Pending,2019-01-04
L0893,P0893,Harsha vardhini,28515,Pending,2018-07-03
L0894,P0894,siri,40285,Pending,2016-05-25
L0895,P0895,jyoshna,40161,Pending,2019-11-01
L0896,P0896,deepika,47503,Rejected,2024-01-28
L0897,P0897,charan,28172,Approved,2016-03-18
L0898,P0898,shashi,18847,Approved,2017-11-12
L0899,P0899,prathyusha,29542,Pending,2018-10-03
L0900,P0900,Sreenivasulu,18931,Pending,2010-02-06
L0901,P0901,meghana,49398,Pending,2011-11-10
L0902,P0902,priya,23894,Pending,2017-07-23
L0903,P0903,sreedevi,33730,Approved,2014-12-26
L0904,P0904,vaishnavi,34411,Pending,2020-05-20
L0905,P0905,Vasanthi,37332,Approved,2012-08-01
L0906,P0906,supriya,28886,Rejected,2022-08-27
L0907,P0907,Gnana,45174,Pending,2010-05-12
L0908,P0908,charan,26281,Pending,2015-08-26
L0909,P0909,Loshika,25061,Rejected,2020-01-19
L0910,P0910,nandhini,9969,Approved,2010-06-28
L0911,P0911,sai kiran,15779,Rejected,2019-01-11
L0912,P0912,karishma,45168,Approved,2016-01-20
L0913,P0913,Vasanthi,12288,Rejected,2021-06-25
L0914,P0914,trharun,24333,Rejected,2022-10-13
L0915,P0915,nithin,36231,Rejected,2024-03-31
L0916,P0916,Sreenivasulu,32691,Rejected,2024-08-24
L0917,P0917,kedareshwar,8444,Pending,2019-12-14
L0918,P0918,Vasanthi,10089,Approved,2021-04-05
L0919,P0919,kullayi reddy,36846,Rejected,2021-08-16
L0920,P0920,hema,41329,Rejected,2020-09-03
L0921,P0921,subadra,34679,Approved,2023-01-28
L0922,P0922,trharun,35764,Pending,2019-08-21
L0923,P0923,tramya,26103,Approved,2013-08-03
L0924,P0924,Likitha,41203,Rejected,2022-09-07
L0925,P0925,Likitha,24464,Pending,2015-02-08
L0926,P0926,priya,26383,Pending,2010-07-29
L0927,P0927,savithri,24457,Approved,2020-03-21
L0928,P0928,tramya,11177,Pending,2013-08-17
L0929,P0929,sai leela,10726,Rejected,2018-06-01
L0930,P0930,priya,26369,Pending,2012-07-24
L0931,P0931,muthumari,37601,Rejected,2023-07-31
L0932,P0932,LEkha,7119,Pending,2010-04-26
L0933,P0933,hema,34697,Pending,2013-09-24
L0934,P0934,sai leela,46484,Rejected,2018-03-09
L0935,P0935,Vasanthi,24959,Rejected,2019-06-07
L0936,P0936,gayathri,34640,Rejected,2018-07-09
L0937,P0937,vasu,22866,Rejected,2023-05-22
L0938,P0938,deepika,20200,Rejected,2019-10-18
L0939,P0939,Loshika,47444,Rejected,2018-08-17
L0940,P0940,jyoshna,49211,Rejected,2024-03-29
L0941,P0941,gayathri,43656,Pending,2010-04-08
L0942,P0942,charan,32741,Rejected,2012-08-18
L0943,P0943,sai leela,47473,Pending,2022-12-26
L0944,P0944,lekhasree,17148,Approved,2024-05-24
L0945,P0945,hema,6237,Pending,2016-10-13
L0946,P0946,sai kiran,5096,Pending,2022-11-04
L0947,P0947,nandhini,23497,Approved,2018-06-11
L0948,P0948,karishma,8612,Pending,2013-01-10
L0949,P0949,Karthik,16388,Rejected,2013-09-19
L0950,P0950,vaishnavi,48066,Approved,2019-08-30
L0951,P0951,Bhanu,27701,Approved,2014-08-10
L0952,P0952,Jahnavi,41841,Rejected,2023-03-05
L0953,P0953,Harsha vardhini,39848,Pending,2020-09-02
L0954,P0954,charan,20815,Rejected,2022-04-27
L0955,P0955,deepika,46335,Approved,2022-09-30
L0956,P0956,yuva teja,6327,Pending,2013-02-16
L0957,P0957,Harsha vardhini,34167,Rejected,2017-08-04
L0958,P0958,Harini,44839,Rejected,2022-07-15
L0959,P0959,tramya,24344,Rejected,2013-05-24
L0960,P0960,kullayi reddy,37567,Pending,2015-06-08
L0961,P0961,vaishnavi,30233,Pending,2016-08-31
L0962,P0962,sravya,13439,Rejected,2010-09-14
L0963,P0963,syamala,6829,Approved,2010-11-02
L0964,P0964,jyoshna,40088,Rejected,2019-02-03
L0965,P0965,nithin,39463,Pending,2013-12-18
L0966,P0966,maha,22103,Rejected,2020-09-30
L0967,P0967,Keerthi,11371,Rejected,2017-02-26
L0968,P0968,jyoshna,31608,Pending,2015-07-26
L0969,P0969,lekhasree,19481,Pending,2023-04-27
L0970,P0970,nithin,32251,Approved,2016-09-24
L0971,P0971,nandhini,13522,Pending,2019-12-19
L0972,P0972,sai kiran,15955,Rejected,2016-06-10
L0973,P0973,trharun,31510,Approved,2014-10-18
L0974,P0974,deepika,25345,Rejected,2015-01-04
L0975,P0975,Keshav,38931,Approved,2021-02-15
L0976,P0976,jyoshna,49588,Rejected,2014-07-27
L0977,P0977,yuva teja,11987,Approved,2015-04-19
L0978,P0978,shashi,7308,Pending,2012-10-25
L0979,P0979,ramana,26583,Approved,2012-12-27
L0980,P0980,meghana,8301,Rejected,2015-01-11
L0981,P0981,supriya,46454,Pending,2023-02-10
L0982,P0982,savithri,44656,Pending,2012-02-06
L0983,P0983,Harini,5023,Pending,2011-07-31
L0984,P0984,sravya,12650,Pending,2017-02-07
L0985,P0985,subadra,20345,Rejected,2022-11-23
L0986,P0986,hema,20159,Approved,2011-12-08
L0987,P0987,syamala,43488,Pending,2024-04-20
L0988,P0988,prathyusha,47807,Rejected,2016-08-22
L0989,P0989,prathyusha,39741,Rejected,2020-05-28
L0990,P0990,jyoshna,13693,Approved,2017-09-26
L0991,P0991,vasu,21734,Pending,2012-06-30
L0992,P0992,trharun,31846,Pending,2020-07-19
L0993,P0993,sreedevi,34923,Approved,2017-11-07
L0994,P0994,savithri,17274,Pending,2020-10-28
L0995,P0995,gayathri,40380,Pending,2019-02-06
L0996,P0996,Sreenivasulu,22181,Pending,2021-06-13
L0997,P0997,krishnaveni,37356,Rejected,2010-02-27
L0998,P0998,charan,23107,Pending,2019-05-02
L0999,P0999,Jahnavi,46332,Approved,2014-12-05
L1000,P1000,vijay,25144,Rejected,2016-10-18
